StartDate,EndDate,Status,Progress,Duration (in seconds),Finished,RecordedDate,ResponseId,DistributionChannel,UserLanguage,Q6,Q1,Q20,Q23,Q24_1,Q25,Q26,Q28_1,Q31,Q30,Q29_1,Q34,Q33,Q32_1,Q35,Q36,Q37_1,Q38,Q40,Q39_1,Q43,Q42,Q41_1,Q46,Q48,Q44_1,Q49,Q45,Q47_1,Q52,Q51,Q50_1,Q55,Q54,Q53_1,Q58,Q57,Q56_1,Q5,Q5_11_TEXT,Q7,Q9,Q10,Q11_1,Q11_2,Q11_3,Q11_4,Q11_5,Q11_6,Q10,Q10_8_TEXT,Q11,Q11_5_TEXT,Q12,Q12_6_TEXT,Q13,Q13_6_TEXT,Q14,Q14_7_TEXT,Q63,Q59,Q60,Q61,Q62,Q12_6_TEXT - Topics
Start Date,End Date,Response Type,Progress,Duration (in seconds),Finished,Recorded Date,Response ID,Distribution Channel,User Language,"IntroductionThank you for agreeing to take part in this survey, administered by a group of Gov 1010 undergraduate students. All results will be completely anonymous and the group will be deleting all data collected through this survey at the end of the semester when this project concludes. The survey will start by asking some demographic questions. By clicking ‘Continue’ below, you are consenting to take part in this survey.","Please think of any extracurricular activities in which you are involved. For each activity in which you are involved, pick the category below that best describes that activity. (Check all that apply)",How much time do you spend per week on extracurricular activities related to the SERVICE category (to the nearest hour)? It may be helpful to consider how much time you spend on activities related to the SERVICE category relative to how much time you spend in class each week.,In how many extracurricular activities do you participate related to the SERVICE category?,"On a scale of 1 to 10 with 1 being not very intense and 10 be extremely intense, what is the perceived intensity of your commitment to SERVICE activities? - 1",How much time do you spend per week on extracurricular activities related to the SOCIAL category (to the nearest hour)? It may be helpful to consider how much time you spend on activities related to the SOCIAL category relative to how much time you spend in class each week.,In how many extracurricular activities do you participate related to the SOCIAL category?,"On a scale of 1 to 10 with 1 being not very intense and 10 be extremely intense, what is the perceived intensity of your commitment to SOCIAL activities? - 1",How much time do you spend per week on extracurricular activities related to the PRE-PROFESSIONAL category (to the nearest hour)? It may be helpful to consider how much time you spend on activities related to the PRE-PROFESSIONAL category relative to how much time you spend in class each week.,In how many extracurricular activities do you participate related to the PRE-PROFESSIONAL category?,"On a scale of 1 to 10 with 1 being not very intense and 10 be extremely intense, what is the perceived intensity of your commitment to PRE-PROFESSIONAL activities? - 1",How much time do you spend per week on extracurricular activities related to the ARTS & MUSIC category (to the nearest hour)? It may be helpful to consider how much time you spend on activities related to the ARTS & MUSIC category relative to how much time you spend in class each week.,In how many extracurricular activities do you participate related to the ARTS & MUSIC category?,"On a scale of 1 to 10 with 1 being not very intense and 10 be extremely intense, what is the perceived intensity of your commitment to ARTS & MUSIC activities? - 1",How much time do you spend per week on extracurricular activities related to the POLITICS category (to the nearest hour)? It may be helpful to consider how much time you spend on activities related to the POLITICS category relative to how much time you spend in class each week.,In how many extracurricular activities do you participate related to the POLITICS category?,"On a scale of 1 to 10 with 1 being not very intense and 10 be extremely intense, what is the perceived intensity of your commitment to POLITICAL activities? - 1",How much time do you spend per week on extracurricular activities related to the RESEARCH category (to the nearest hour)? It may be helpful to consider how much time you spend on activities related to the RESEARCH category relative to how much time you spend in class each week.,In how many extracurricular activities do you participate related to the RESEARCH category?,"On a scale of 1 to 10 with 1 being not very intense and 10 be extremely intense, what is the perceived intensity of your commitment to RESEARCH activities? - 1","How much time do you spend per week on extracurricular activities related to the ON-CAMPUS JOB (House Grill, Lamont Library, etc.) category (to the nearest hour)? It may be helpful to consider how much time you spend on activities related to the ON-CAMPUS JOB category relative to how much time you spend in class each week.","In how many extracurricular activities do you participate related to the ON-CAMPUS JOB (House Grill, Lamont Library, etc.) category?","On a scale of 1 to 10 with 1 being not very intense and 10 be extremely intense, what is the perceived intensity of your commitment to ON-CAMPUS JOB (House Grill, Lamont Library, etc.) activities? - 1",How much time do you spend per week on extracurricular activities related to the PAF category (to the nearest hour)? It may be helpful to consider how much time you spend on activities related to the PAF category relative to how much time you spend in class each week.,In how many extracurricular activities do you participate related to the PAF category?,"On a scale of 1 to 10 with 1 being not very intense and 10 be extremely intense, what is the perceived intensity of your commitment to PAF'ing? - 1",How much time do you spend per week on extracurricular activities related to the TUTOR/CA/TF category (to the nearest hour)? It may be helpful to consider how much time you spend on activities related to the TUTOR/CA/TF category relative to how much time you spend in class each week.,In how many extracurricular activities do you participate related to the TUTOR/CA/TF category?,"On a scale of 1 to 10 with 1 being not very intense and 10 be extremely intense, what is the perceived intensity of your commitment to being a TUTOR/CA/TF? - 1",How much time do you spend per week on extracurricular activities related to the VARSITY SPORTS TEAM category (to the nearest hour)? It may be helpful to consider how much time you spend on activities related to the VARSITY SPORTS TEAM category relative to how much time you spend in class each week.,In how many extracurricular activities do you participate related to the VARSITY SPORTS TEAM category?,"On a scale of 1 to 10 with 1 being not very intense and 10 be extremely intense, what is the perceived intensity of your commitment to a VARSITY SPORTS TEAM? - 1",How much time do you spend per week on extracurricular activities related to the CLUB SPORTS TEAM category (to the nearest hour)? It may be helpful to consider how much time you spend on activities related to the CLUB SPORTS TEAM category relative to how much time you spend in class each week.,In how many extracurricular activities do you participate related to the CLUB SPORTS TEAM category?,"On a scale of 1 to 10 with 1 being not very intense and 10 be extremely intense, what is the perceived intensity of your commitment to a CLUB SPORTS TEAM? - 1",How much time do you spend per week on extracurricular activities related to the IM SPORTS TEAM category (to the nearest hour)? It may be helpful to consider how much time you spend on activities related to the IM SPORTS TEAM category relative to how much time you spend in class each week.,In how many extracurricular activities do you participate related to the IM SPORTS TEAM category?,"On a scale of 1 to 10 with 1 being not very intense and 10 be extremely intense, what is the perceived intensity of your commitment to an IM SPORTS TEAM? - 1","“Which of the following platforms do you regularly use to stream movies, TV, or other multimedia.... - Selected Choice","“Which of the following platforms do you regularly use to stream movies, TV, or other multimedia.... - Other - Text","On average, how many hours per week do you estimate that you spend watching Netflix, movies, TV, or other videos on the Internet or other streaming services for entertainment? It may be useful to think of how many episodes of a given show you watch in a week and how long those shows are.","On average, how much time do you spend watching Netflix, movies, TV, or other videos on the Internet or other streaming services for entertainment relative to the time you spend in class per week?",Which of the following best describes how you engage in streaming services?,"To what extent do you agree with the following statements about why you stream movies, TV, or other video? - To unwind after finishing work","To what extent do you agree with the following statements about why you stream movies, TV, or other video? - To take a break from work","To what extent do you agree with the following statements about why you stream movies, TV, or other video? - As background noise for other activities, such as hosting friends or working","To what extent do you agree with the following statements about why you stream movies, TV, or other video? - To alleviate social discomfort","To what extent do you agree with the following statements about why you stream movies, TV, or other video? - As a social activity (e.g. movie night)","To what extent do you agree with the following statements about why you stream movies, TV, or other video? - To fall asleep",Ethnicity (please check all that apply): - Selected Choice,Ethnicity (please check all that apply): - Other (please specify) - Text,Gender Identity: - Selected Choice,Gender Identity: - Other: - Text,I graduate with the Class of: - Selected Choice,I graduate with the Class of: - Other: - Text,"This semester, I live in: - Selected Choice","This semester, I live in: - Open Response: - Text","This semester, I live in: - Selected Choice","This semester, I live in: - Other: - Text",Blocking group size:,"Declared or Prospective Concentration (non-conventional/joint concentrators choose the option second to the bottom, undecided students should select the undecided option at the bottom):","If you're a joint concentrator, what is your primary field?","If you're a joint concentrator, what is your secondary field?","If your concentration does not fit any of these choices, please describe your concentration using the open response option below.",Q12_6_TEXT - Topics
"{""ImportId"":""startDate"",""timeZone"":""America/Denver""}","{""ImportId"":""endDate"",""timeZone"":""America/Denver""}","{""ImportId"":""status""}","{""ImportId"":""progress""}","{""ImportId"":""duration""}","{""ImportId"":""finished""}","{""ImportId"":""recordedDate"",""timeZone"":""America/Denver""}","{""ImportId"":""_recordId""}","{""ImportId"":""distributionChannel""}","{""ImportId"":""userLanguage""}","{""ImportId"":""QID5""}","{""ImportId"":""QID1""}","{""ImportId"":""QID20""}","{""ImportId"":""QID23""}","{""ImportId"":""QID24_1""}","{""ImportId"":""QID25""}","{""ImportId"":""QID26""}","{""ImportId"":""QID28_1""}","{""ImportId"":""QID31""}","{""ImportId"":""QID30""}","{""ImportId"":""QID29_1""}","{""ImportId"":""QID34""}","{""ImportId"":""QID33""}","{""ImportId"":""QID32_1""}","{""ImportId"":""QID35""}","{""ImportId"":""QID36""}","{""ImportId"":""QID37_1""}","{""ImportId"":""QID38""}","{""ImportId"":""QID40""}","{""ImportId"":""QID39_1""}","{""ImportId"":""QID43""}","{""ImportId"":""QID42""}","{""ImportId"":""QID41_1""}","{""ImportId"":""QID46""}","{""ImportId"":""QID48""}","{""ImportId"":""QID44_1""}","{""ImportId"":""QID49""}","{""ImportId"":""QID45""}","{""ImportId"":""QID47_1""}","{""ImportId"":""QID52""}","{""ImportId"":""QID51""}","{""ImportId"":""QID50_1""}","{""ImportId"":""QID55""}","{""ImportId"":""QID54""}","{""ImportId"":""QID53_1""}","{""ImportId"":""QID58""}","{""ImportId"":""QID57""}","{""ImportId"":""QID56_1""}","{""ImportId"":""QID6""}","{""ImportId"":""QID6_11_TEXT""}","{""ImportId"":""QID8""}","{""ImportId"":""QID16""}","{""ImportId"":""QID17""}","{""ImportId"":""QID18_1""}","{""ImportId"":""QID18_2""}","{""ImportId"":""QID18_3""}","{""ImportId"":""QID18_4""}","{""ImportId"":""QID18_5""}","{""ImportId"":""QID18_6""}","{""ImportId"":""QID11""}","{""ImportId"":""QID11_8_TEXT""}","{""ImportId"":""QID12""}","{""ImportId"":""QID12_5_TEXT""}","{""ImportId"":""QID13""}","{""ImportId"":""QID13_6_TEXT""}","{""ImportId"":""QID14""}","{""ImportId"":""QID14_6_TEXT""}","{""ImportId"":""QID15""}","{""ImportId"":""QID15_7_TEXT""}","{""ImportId"":""QID63""}","{""ImportId"":""QID59""}","{""ImportId"":""QID60""}","{""ImportId"":""QID61""}","{""ImportId"":""QID62_TEXT""}","{""ImportId"":""QID13_6_TEXT_7b909baaa5c049a794af0ed4Topics""}"
2018-11-20 14:43:49,2018-11-20 14:45:43,IP Address,100,114,True,2018-11-20 14:45:44,R_3m1RaaZUwiqxKMj,email,EN,I consent to taking part in this survey.,"Social,Pre-Professional",,,,2,3,3,"1 ",3,5,,,,,,,,,,,,,,,,,,,,,,,,,,,,"Netflix,Amazon Prime Video,YouTube or YouTube TV",,,Less than half the time spent in class,Sometimes by myself,Strongly Agree,Strongly Agree,Somewhat agree,Strongly Agree,Strongly Agree,Strongly Agree,"Caucasian ",,Female,,2022,,"Crimson Yard (Greenough, Hurlbut, Pennypacker, Wigglesworth)",,,,,Undecided,,,,
2018-11-20 14:44:17,2018-11-20 14:45:59,IP Address,100,101,True,2018-11-20 14:46:00,R_1davOw9PQQkqS6E,email,EN,I consent to taking part in this survey.,"Service,Arts & Music,Research,IM Sports",2,"1 ",6,,,,,,,"1 ",2,5,,,,3,2,7,,,,,,,,,,,,,,,,"1 ","1 ",1,,,2,Less than half the time spent in class,Usually by myself,Strongly Agree,Strongly Agree,Strongly disagree,Strongly disagree,Strongly disagree,Strongly disagree,"Caucasian ",,Male,,2022,,"Ivy Yard (Apley Court, Hollis, Holworthy, Lionel, Massachusetts Hall, Mower, Stoughton, Straus)",,,,,Mathematics,,,,
2018-11-20 14:44:19,2018-11-20 14:46:56,IP Address,100,156,True,2018-11-20 14:46:57,R_3hlPiSjnpXTRyCO,email,EN,I consent to taking part in this survey.,Varsity Sports Team,,,,,,,,,,,,,,,,,,,,,,,,,,,,14,"1 ",8,,,,,,,"Hulu,Netflix",,2,Less than half the time spent in class,Usually by myself,Neutral,Somewhat agree,Somewhat disagree,Strongly disagree,Neutral,Strongly disagree,"Caucasian ",,Female,,2021,,,,"River West (Eliot, Kirkland, Winthrop)",,7,Psychology,,,,
2018-11-20 14:45:52,2018-11-20 14:48:22,IP Address,100,150,True,2018-11-20 14:48:23,R_t03j1NIzJdODSet,email,EN,I consent to taking part in this survey.,"Service,Arts & Music,Research",4,"1 ",6,,,,,,,2,"1 ",2,,,,2,"1 ",2,,,,,,,,,,,,,,,,,,,"Netflix,YouTube or YouTube TV",,5,Less than half the time spent in class,Usually by myself,Somewhat agree,Somewhat agree,Somewhat disagree,Somewhat disagree,Somewhat disagree,Strongly disagree,"Caucasian ",,Male,,2022,,"Crimson Yard (Greenough, Hurlbut, Pennypacker, Wigglesworth)",,,,,Economics,,,,
2018-11-20 14:45:08,2018-11-20 14:49:41,IP Address,100,272,True,2018-11-20 14:49:41,R_2CcSnSv8k0KE0Rs,email,EN,I consent to taking part in this survey.,Club Sports Team,,,,,,,,,,,,,,,,,,,,,,,,,,,,,,,2,"1 ",2,,,,"Netflix,YouTube or YouTube TV",,20+,Between the full time spent and class and double the time spent in class,About equally by myself and with others,Strongly Agree,Strongly Agree,Somewhat agree,Somewhat disagree,Neutral,Strongly disagree,"Caucasian ",,Female,,2022,,"Elm Yard (Grays, Matthews, Weld)",,,,,Mathematics,,,,
2018-11-20 14:45:30,2018-11-20 14:50:38,IP Address,100,308,True,2018-11-20 14:50:38,R_1NCTH2t2YlwXXRm,email,EN,I consent to taking part in this survey.,Arts & Music,,,,,,,,,,3,"1 ",3,,,,,,,,,,,,,,,,,,,,,,,,,"Hulu,Netflix,YouTube or YouTube TV",,11,About the same amount of time as the time spent in class,Usually by myself,Strongly Agree,Strongly Agree,Strongly disagree,Somewhat agree,Somewhat agree,Strongly disagree,"Caucasian ,Hispanic/Latinx",,Male,,2022,,"Crimson Yard (Greenough, Hurlbut, Pennypacker, Wigglesworth)",,,,,Undecided,,,,
2018-11-20 14:43:58,2018-11-20 14:51:15,IP Address,100,436,True,2018-11-20 14:51:16,R_3qs43A7l4PtucPF,email,EN,I consent to taking part in this survey.,"Service,Arts & Music,Tutoring/CA/TF",4,"1 ",9,,,,,,,2,"1 ",2,,,,,,,,,,,,,7,2,6,,,,,,,,,,"Netflix,Amazon Prime Video,YouTube or YouTube TV",,5,About the same amount of time as the time spent in class,About equally by myself and with others,Strongly Agree,Strongly Agree,Somewhat agree,Strongly disagree,Somewhat agree,Strongly disagree,"Asian,Caucasian ",,Female,,2019,,,,"River Central (Adams, Lowell, Quincy)",,4,Earth and Planetary Sciences,,,,
2018-11-20 14:49:18,2018-11-20 14:51:53,IP Address,100,155,True,2018-11-20 14:51:53,R_1FzAoK0VI3Ru25K,email,EN,I consent to taking part in this survey.,"Social,Pre-Professional,Research",,,,"1 ","1 ",2,3,2,4,,,,,,,12,"1 ",7,,,,,,,,,,,,,,,,,,,"Amazon Prime Video,YouTube or YouTube TV",,2,Less than half the time spent in class,Usually by myself,Somewhat agree,Somewhat agree,Strongly disagree,Neutral,Somewhat disagree,Somewhat disagree,Asian,,Male,,2020,,,,"The Quad (Cabot, Currier, Pfoho)",,8,,,,,
2018-11-20 14:50:12,2018-11-20 14:53:38,IP Address,100,205,True,2018-11-20 14:53:38,R_1omX811ad0QB6vI,email,EN,I consent to taking part in this survey.,"Social,Research,Club Sports Team",,,,6,2,7,,,,,,,,,,2,"1 ",3,,,,,,,,,,,,,5,"1 ",10,,,,"Netflix,YouTube or YouTube TV",,4,Less than half the time spent in class,Usually by myself,Strongly Agree,Strongly Agree,Neutral,Strongly disagree,Neutral,Strongly disagree,"Caucasian ",,Male,,2021,,,,"The Quad (Cabot, Currier, Pfoho)",,6,Applied Mathematics,,,,
2018-11-20 14:44:58,2018-11-20 14:53:57,IP Address,100,539,True,2018-11-20 14:53:58,R_2dtJXJNfryDEHWd,email,EN,I consent to taking part in this survey.,"Service,Pre-Professional,Politics,IM Sports",3,"1 ",5,,,,6,2,8,,,,"1 ","1 ",6,,,,,,,,,,,,,,,,,,,"1 ","1 ",3,"Netflix,YouTube or YouTube TV",,8,Between half the time and the full time spent in class,Usually by myself,Strongly Agree,Strongly Agree,Strongly disagree,Somewhat disagree,Strongly disagree,Strongly disagree,"Asian,Caucasian ",,Male,,2022,,,,,,,,,,,
2018-11-20 14:46:56,2018-11-20 14:54:35,IP Address,100,458,True,2018-11-20 14:54:35,R_w629n1bZlRrbyTf,email,EN,I consent to taking part in this survey.,"Service,Social,Arts & Music,On-Campus Job (House Grill, Lamont Library, etc.),IM Sports",4,"1 ",3,3,"1 ",6,,,,15,2,8,,,,,,,5,"1 ",2,,,,,,,,,,,,,8,6,5,"Hulu,Netflix,YouTube or YouTube TV",,8,Less than half the time spent in class,Usually by myself,Neutral,Strongly disagree,Neutral,Somewhat disagree,Somewhat agree,Strongly Agree,"Caucasian ",,Male,,2020,,,,"The Quad (Cabot, Currier, Pfoho)",,8,Sociology,,,,
2018-11-20 14:51:11,2018-11-20 14:55:00,IP Address,100,228,True,2018-11-20 14:55:00,R_2dXcZ5qu9POJdDP,email,EN,I consent to taking part in this survey.,"Service,Social,Pre-Professional,On-Campus Job (House Grill, Lamont Library, etc.)",7,3,8,2,2,5,3,"1 ",7,,,,,,,,,,6,"1 ",5,,,,,,,,,,,,,,,,"Netflix,YouTube or YouTube TV",,5,Less than half the time spent in class,Usually by myself,Strongly Agree,Strongly Agree,Strongly Agree,Strongly disagree,Strongly Agree,Somewhat disagree,Hispanic/Latinx,,Female,,2022,,"Elm Yard (Grays, Matthews, Weld)",,,,,Joint/Non-conventional concentrators,Government,Romance Languages and Literatures,,
2018-11-20 14:57:13,2018-11-20 14:59:38,IP Address,100,145,True,2018-11-20 14:59:39,R_3NVdJ1XbZR3Nh21,email,EN,I consent to taking part in this survey.,"Service,On-Campus Job (House Grill, Lamont Library, etc.),PAF",4,"1 ",3,,,,,,,,,,,,,,,,13,,8,6,"1 ",7,,,,,,,,,,,,,"Hulu,Netflix,Amazon Prime Video,YouTube or YouTube TV",,3,Less than half the time spent in class,Usually with others,Somewhat agree,Somewhat agree,Somewhat disagree,Strongly disagree,Strongly Agree,Strongly disagree,"Caucasian ",,Female,,2021,,,,"The Quad (Cabot, Currier, Pfoho)",,8,History,,,,
2018-11-20 14:57:18,2018-11-20 15:05:41,IP Address,100,502,True,2018-11-20 15:05:41,R_DuBxAGrLS0KZm0h,email,EN,I consent to taking part in this survey.,"Service,Politics,On-Campus Job (House Grill, Lamont Library, etc.),Club Sports Team","1 ","1 ",1,,,,,,,,,,2,"1 ",4,,,,10,"1 ",6,,,,,,,,,,5,"1 ",7,,,,"Netflix,Amazon Prime Video",,10,Between half the time and the full time spent in class,Usually by myself,Strongly Agree,Strongly Agree,Somewhat agree,Somewhat agree,Strongly Agree,Strongly disagree,"Caucasian ",,Female,,2022,,"Ivy Yard (Apley Court, Hollis, Holworthy, Lionel, Massachusetts Hall, Mower, Stoughton, Straus)",,,,,Molecular and Cellular Biology,,,,
2018-11-20 15:03:58,2018-11-20 15:07:56,IP Address,100,237,True,2018-11-20 15:07:57,R_22y3KbaG3kerp3I,email,EN,I consent to taking part in this survey.,"Service,Social,Pre-Professional,Politics,On-Campus Job (House Grill, Lamont Library, etc.)",2,"1 ",3,4,2,7,5,"1 ",8,,,,2,2,2,,,,11,2,9,,,,,,,,,,,,,,,,Netflix,,2,Less than half the time spent in class,Usually by myself,Strongly Agree,Strongly Agree,Strongly disagree,Strongly Agree,Strongly disagree,Somewhat disagree,"Black/African,Hispanic/Latinx",,Female,,2022,,"Elm Yard (Grays, Matthews, Weld)",,,,,Sociology,,,,
2018-11-20 15:06:38,2018-11-20 15:08:29,IP Address,100,111,True,2018-11-20 15:08:30,R_3ilsvGNzQjmp45o,email,EN,I consent to taking part in this survey.,"Service,Politics,On-Campus Job (House Grill, Lamont Library, etc.)",3,"1 ",5,,,,,,,,,,2,"1 ",6,,,,6,"1 ",7,,,,,,,,,,,,,,,,"Hulu,Netflix,YouTube or YouTube TV",,5,About the same amount of time as the time spent in class,Sometimes by myself,Somewhat agree,Somewhat agree,Somewhat disagree,Somewhat disagree,Somewhat agree,Somewhat disagree,"Caucasian ",,Female,,2022,,"Oak Yard (Canaday, Thayer)",,,,,Anthropology,,,,
2018-11-20 15:14:48,2018-11-20 15:18:34,IP Address,100,225,True,2018-11-20 15:18:34,R_3MzzMHXN1VZAuKx,email,EN,I consent to taking part in this survey.,"Arts & Music,IM Sports",,,,,,,,,,10,2,10,,,,,,,,,,,,,,,,,,,,,,"1 ",3,3,YouTube or YouTube TV,,1,Less than half the time spent in class,Usually by myself,Somewhat agree,Strongly Agree,Neutral,Neutral,Neutral,Somewhat disagree,"Caucasian ",,Male,,2022,,"Crimson Yard (Greenough, Hurlbut, Pennypacker, Wigglesworth)",,,,,Music,,,,
2018-11-20 15:15:20,2018-11-20 15:20:57,IP Address,100,336,True,2018-11-20 15:20:57,R_9BumgaRYVX1Djyx,email,EN,I consent to taking part in this survey.,"Service,Social",5,2,8,2,2,,,,,,,,,,,,,,,,,,,,,,,,,,,,,,,,Netflix,,2,Less than half the time spent in class,Usually by myself,Strongly Agree,Somewhat agree,Strongly disagree,Strongly disagree,Somewhat disagree,Strongly disagree,Asian,,Female,,2022,,"Crimson Yard (Greenough, Hurlbut, Pennypacker, Wigglesworth)",,,,,Chemistry,,,,
2018-11-20 15:20:33,2018-11-20 15:22:50,IP Address,100,137,True,2018-11-20 15:22:51,R_28VhliB4o8HoqqM,email,EN,I consent to taking part in this survey.,"Arts & Music,Research",,,,,,,,,,14,3,10,,,,"1 ","1 ",,,,,,,,,,,,,,,,,,,,Other,NA,,,,,,,,,,"Caucasian ",,Male,,2022,,"Crimson Yard (Greenough, Hurlbut, Pennypacker, Wigglesworth)",,,,,Undecided,,,,
2018-11-20 15:27:59,2018-11-20 15:34:26,IP Address,100,386,True,2018-11-20 15:34:26,R_3EfAex6z9SCccIt,email,EN,I consent to taking part in this survey.,"Service,Tutoring/CA/TF",10,"1 ",8,,,,,,,,,,,,,,,,,,,,,,10,2,9,,,,,,,,,,Netflix,,2,Less than half the time spent in class,About equally by myself and with others,Somewhat agree,Strongly Agree,Strongly disagree,Neutral,Strongly Agree,Strongly disagree,Asian,,Male,,2020,,,,"River Central (Adams, Lowell, Quincy)",,8,Joint/Non-conventional concentrators,Mathematics,Philosophy,,
2018-11-20 15:33:04,2018-11-20 15:38:50,IP Address,100,346,True,2018-11-20 15:38:51,R_2rJiDtAk7KWlltL,email,EN,I consent to taking part in this survey.,"Service,Arts & Music,Politics,On-Campus Job (House Grill, Lamont Library, etc.),PAF",8,2,10,,,,,,,5,2,6,10,"1 ",10,,,,10,"1 ",10,5,"1 ",5,,,,,,,,,,,,,"Hulu,Netflix,YouTube or YouTube TV",,2,Less than half the time spent in class,About equally by myself and with others,Neutral,Strongly Agree,Strongly disagree,Strongly disagree,Strongly Agree,Strongly disagree,"Caucasian ",,Nonbinary,,2021,,,,"River East (Dunster, Leverett, Mather)",,3,Social Studies,,,,
2018-11-20 15:37:50,2018-11-20 15:40:39,IP Address,100,168,True,2018-11-20 15:40:39,R_2Yftr93BBytmPUh,email,EN,I consent to taking part in this survey.,"Service,Social,Pre-Professional","1 ","1 ",3,5,2,5,"1 ",2,3,,,,,,,,,,,,,,,,,,,,,,,,,,,,"Netflix,YouTube or YouTube TV",,1,Less than half the time spent in class,Sometimes by myself,Somewhat agree,Strongly Agree,Neutral,Neutral,Strongly Agree,Neutral,"Caucasian ",,Female,,2022,,"Crimson Yard (Greenough, Hurlbut, Pennypacker, Wigglesworth)",,,,,Human Developmental and Regenerative Biology,,,,
2018-11-20 15:48:50,2018-11-20 15:52:08,IP Address,100,198,True,2018-11-20 15:52:08,R_3JKQgOfNmOkKoBv,email,EN,I consent to taking part in this survey.,"Arts & Music,On-Campus Job (House Grill, Lamont Library, etc.)",,,,,,,,,,4,"1 ",5,,,,,,,3,"1 ",10,,,,,,,,,,,,,,,,"Netflix,YouTube or YouTube TV",,2,Less than half the time spent in class,Usually by myself,Strongly Agree,Strongly Agree,Strongly Agree,Strongly Agree,Strongly disagree,Somewhat agree,Black/African,,Female,,2022,,"Crimson Yard (Greenough, Hurlbut, Pennypacker, Wigglesworth)",,,,,Undecided,,,,
2018-11-20 15:50:57,2018-11-20 15:54:02,IP Address,100,185,True,2018-11-20 15:54:03,R_3eyHeqanC9UmWvk,email,EN,I consent to taking part in this survey.,"Arts & Music,Varsity Sports Team",,,,,,,,,,4,2,5,,,,,,,,,,,,,,,,20+,"1 ",10,,,,,,,YouTube or YouTube TV,,2,Less than half the time spent in class,Usually by myself,Strongly Agree,Strongly Agree,Somewhat agree,Neutral,Somewhat agree,Somewhat disagree,"Caucasian ",,Male,,2022,,"Ivy Yard (Apley Court, Hollis, Holworthy, Lionel, Massachusetts Hall, Mower, Stoughton, Straus)",,,,,Earth and Planetary Sciences,,,,
2018-11-20 15:54:36,2018-11-20 15:57:40,IP Address,100,184,True,2018-11-20 15:57:41,R_Zq1ZMg5Ty9lujIJ,email,EN,I consent to taking part in this survey.,"Service,Politics,Club Sports Team",4,2,4,,,,,,,,,,12,5,7,,,,,,,,,,,,,,,,5,2,2,,,,YouTube or YouTube TV,,6,Less than half the time spent in class,Usually by myself,Strongly Agree,Strongly Agree,Strongly disagree,Somewhat agree,Strongly disagree,Strongly disagree,"Caucasian ",,Male,,2022,,"Elm Yard (Grays, Matthews, Weld)",,,,,History,,,,
2018-11-20 16:13:10,2018-11-20 16:17:40,IP Address,100,269,True,2018-11-20 16:17:40,R_2ci2f5saJZmi5n8,email,EN,I consent to taking part in this survey.,"Service,Social,On-Campus Job (House Grill, Lamont Library, etc.),Club Sports Team,IM Sports",3,"1 ",4,7,"1 ",7,,,,,,,,,,,,,4,"1 ",2,,,,,,,,,,4,"1 ",7,3,2,,"Hulu,Netflix",,5,Less than half the time spent in class,Usually by myself,Strongly Agree,Strongly Agree,Strongly disagree,Somewhat disagree,Strongly disagree,Somewhat agree,"Caucasian ",,Female,,2021,,,,"River East (Dunster, Leverett, Mather)",,4,Psychology,,,,
2018-11-20 16:47:09,2018-11-20 16:50:09,IP Address,100,180,True,2018-11-20 16:50:09,R_BtEibyfhry7touR,email,EN,I consent to taking part in this survey.,"Arts & Music,On-Campus Job (House Grill, Lamont Library, etc.)",,,,,,,,,,18,4,10,,,,,,,8,"1 ",5,,,,,,,,,,,,,,,,"Netflix,YouTube or YouTube TV",,2,Less than half the time spent in class,About equally by myself and with others,Neutral,Somewhat agree,Neutral,Strongly disagree,Strongly Agree,Neutral,"Caucasian ",,Female,,2022,,"Ivy Yard (Apley Court, Hollis, Holworthy, Lionel, Massachusetts Hall, Mower, Stoughton, Straus)",,,,,Joint/Non-conventional concentrators,History of Art and Architecture,Anthropology,,
2018-11-20 16:58:09,2018-11-20 17:00:23,IP Address,100,134,True,2018-11-20 17:00:24,R_3PBSqDuNhAwG1oN,email,EN,I consent to taking part in this survey.,"Arts & Music,Research",,,,,,,,,,10,2,10,,,,6,,8,,,,,,,,,,,,,,,,,,,"Netflix,Amazon Prime Video,YouTube or YouTube TV",,5,Less than half the time spent in class,Usually by myself,Strongly Agree,Strongly Agree,Strongly disagree,Somewhat disagree,Somewhat agree,Somewhat agree,"Caucasian ",,Female,,2022,,"Elm Yard (Grays, Matthews, Weld)",,,,,Neurobiology,,,,
2018-11-20 17:16:45,2018-11-20 17:19:15,IP Address,100,150,True,2018-11-20 17:19:16,R_ZgDCS1DgWHytI1r,email,EN,I consent to taking part in this survey.,"Service,Social,Varsity Sports Team",2,"1 ",1,4,2,2,,,,,,,,,,,,,,,,,,,,,,20+,"1 ",9,,,,,,,Other,"I don’t watch tv or use any of the above entertainment ",,,,,,,,,,"Caucasian ",,Female,,2019,,,,"River Central (Adams, Lowell, Quincy)",,8,Government,,,,
2018-11-20 17:40:37,2018-11-20 17:43:29,IP Address,100,171,True,2018-11-20 17:43:30,R_3nwV8tFpMgP4m70,email,EN,I consent to taking part in this survey.,"Arts & Music,Club Sports Team",,,,,,,,,,2,2,5,,,,,,,,,,,,,,,,,,,6,"1 ",10,,,,"Netflix,YouTube or YouTube TV",,2,Less than half the time spent in class,Usually with others,Strongly Agree,Strongly disagree,Strongly disagree,Strongly disagree,Neutral,Strongly disagree,"Caucasian ",,Female,,2021,,,,"River West (Eliot, Kirkland, Winthrop)",,5,Government,,,,
2018-11-20 19:15:24,2018-11-20 19:18:53,IP Address,100,209,True,2018-11-20 19:18:54,R_1mCW17fnYMHEafh,email,EN,I consent to taking part in this survey.,"Service,Pre-Professional","1 ","1 ",,,,,3,2,4,,,,,,,,,,,,,,,,,,,,,,,,,,,,"Hulu,Netflix,Amazon Prime Video",,1,Less than half the time spent in class,About equally by myself and with others,Somewhat agree,Strongly disagree,Strongly disagree,Somewhat agree,Strongly Agree,Strongly disagree,"Caucasian ",,Female,,2022,,"Crimson Yard (Greenough, Hurlbut, Pennypacker, Wigglesworth)",,,,,Environmental Science and Engineering,,,,
2018-11-20 18:40:41,2018-11-20 19:21:05,IP Address,100,2423,True,2018-11-20 19:21:05,R_2CTxi2MjfNBXhIm,email,EN,I consent to taking part in this survey.,"Social,Pre-Professional",,,,7,"1 ",10,2,"1 ",6,,,,,,,,,,,,,,,,,,,,,,,,,,,,"Netflix,YouTube or YouTube TV",,1,Less than half the time spent in class,Sometimes by myself,Somewhat agree,Somewhat agree,,Strongly disagree,Strongly Agree,Strongly disagree,Black/African,,Female,,2022,,"Crimson Yard (Greenough, Hurlbut, Pennypacker, Wigglesworth)",,,,,Social Studies,,,,
2018-11-20 19:53:59,2018-11-20 19:57:56,IP Address,100,236,True,2018-11-20 19:57:56,R_9Zki4qahoDIqEhj,email,EN,I consent to taking part in this survey.,"Service,Arts & Music,Club Sports Team",3,"1 ",4,,,,,,,5,"1 ",4,,,,,,,,,,,,,,,,,,,"1 ","1 ",1,,,,Netflix,,12,About the same amount of time as the time spent in class,Usually by myself,Strongly Agree,Strongly Agree,Somewhat agree,Somewhat agree,Neutral,Strongly Agree,"Caucasian ",,Female,,2022,,"Elm Yard (Grays, Matthews, Weld)",,,,,Chemistry,,,,
2018-11-20 20:58:49,2018-11-20 21:05:45,IP Address,100,415,True,2018-11-20 21:05:45,R_1LZMj0hVw042cPu,email,EN,I consent to taking part in this survey.,"Service,Arts & Music,Research,IM Sports",3,2,6,,,,,,,3,"1 ",8,,,,8,"1 ",9,,,,,,,,,,,,,,,,2,2,4,"Hulu,Netflix",,2,Less than half the time spent in class,Sometimes by myself,Strongly Agree,Somewhat agree,Strongly disagree,Neutral,Strongly Agree,Strongly disagree,"Caucasian ,Hispanic/Latinx",,Female,,2019,,,,"River Central (Adams, Lowell, Quincy)",,2,Integrative Biology,,,,
2018-11-20 21:08:31,2018-11-20 21:11:11,IP Address,100,160,True,2018-11-20 21:11:11,R_3Lj3zBQoeoneIP8,email,EN,I consent to taking part in this survey.,Arts & Music,,,,,,,,,,2,"1 ",3,,,,,,,,,,,,,,,,,,,,,,,,,YouTube or YouTube TV,,2,Less than half the time spent in class,Usually by myself,Somewhat agree,Strongly Agree,Somewhat disagree,Somewhat disagree,Somewhat disagree,Somewhat agree,Asian,,Female,,2022,,"Ivy Yard (Apley Court, Hollis, Holworthy, Lionel, Massachusetts Hall, Mower, Stoughton, Straus)",,,,,Statistics,,,,
2018-11-20 22:47:44,2018-11-20 22:50:51,IP Address,100,187,True,2018-11-20 22:50:52,R_3QFUoskZxfggMbP,email,EN,I consent to taking part in this survey.,"Pre-Professional,On-Campus Job (House Grill, Lamont Library, etc.)",,,,,,,"1 ","1 ",2,,,,,,,,,,2,"1 ",3,,,,,,,,,,,,,,,,YouTube or YouTube TV,,2,Less than half the time spent in class,Usually by myself,Strongly Agree,Strongly Agree,Strongly disagree,Strongly disagree,Strongly disagree,Strongly disagree,Asian,,Prefer not to answer,,2022,,"Elm Yard (Grays, Matthews, Weld)",,,,,,,,,
2018-11-20 23:16:29,2018-11-20 23:20:45,IP Address,100,255,True,2018-11-20 23:20:45,R_1mIVRHJqBNTLJkv,email,EN,I consent to taking part in this survey.,"Social,Varsity Sports Team",,,,2,"1 ",3,,,,,,,,,,,,,,,,,,,,,,15,"1 ",8,,,,,,,"Hulu,Netflix,YouTube or YouTube TV",,1,Less than half the time spent in class,Usually by myself,Strongly Agree,Somewhat agree,Strongly disagree,Strongly disagree,Somewhat agree,Strongly disagree,Black/African,,Female,,2022,,"Crimson Yard (Greenough, Hurlbut, Pennypacker, Wigglesworth)",,,,,Undecided,,,,
2018-11-21 08:04:59,2018-11-21 08:09:52,IP Address,100,292,True,2018-11-21 08:09:52,R_1rlF1DIfVzGgKEK,email,EN,I consent to taking part in this survey.,"Social,Pre-Professional,Arts & Music",,,,6,2,6,6,2,7,2,"1 ",3,,,,,,,,,,,,,,,,,,,,,,,,,"YouTube or YouTube TV,Other",Illegal streaming,1,Less than half the time spent in class,Usually with others,Strongly Agree,Somewhat agree,Strongly disagree,Strongly disagree,Strongly Agree,Strongly disagree,Asian,,Female,,2022,,"Elm Yard (Grays, Matthews, Weld)",,,,,Computer Science,,,,
2018-11-21 08:33:28,2018-11-21 08:36:20,IP Address,100,171,True,2018-11-21 08:36:20,R_32LaU2meazuCWNt,email,EN,I consent to taking part in this survey.,"Social,Research,Club Sports Team",,,,2,"1 ",4,,,,,,,,,,5,"1 ",5,,,,,,,,,,,,,15,2,10,,,,"Netflix,YouTube or YouTube TV",,10,Between half the time and the full time spent in class,Usually by myself,Somewhat agree,Somewhat agree,Strongly disagree,Strongly disagree,Somewhat disagree,Strongly disagree,"Caucasian ",,Male,,2021,,,,"River Central (Adams, Lowell, Quincy)",,,,,,,
2018-11-21 09:04:34,2018-11-21 09:07:40,IP Address,100,185,True,2018-11-21 09:07:40,R_4Pikvyra8SyujUl,email,EN,I consent to taking part in this survey.,"Politics,On-Campus Job (House Grill, Lamont Library, etc.),Varsity Sports Team",,,,,,,,,,,,,"1 ",2,,,,,5,"1 ",,,,,,,,9,"1 ",7,,,,,,,"Hulu,Netflix",,3,Less than half the time spent in class,Sometimes with others,Strongly Agree,Strongly Agree,Somewhat disagree,Somewhat agree,Strongly Agree,Strongly disagree,"Caucasian ",,Female,,2022,,"Oak Yard (Canaday, Thayer)",,,,,Anthropology,,,,
2018-11-21 10:45:34,2018-11-21 10:52:00,IP Address,100,385,True,2018-11-21 10:52:01,R_2uvqaJqBSyotH21,email,EN,I consent to taking part in this survey.,Varsity Sports Team,,,,,,,,,,,,,,,,,,,,,,,,,,,,20+,"1 ",10,,,,,,,"Netflix,HBO Now or HBO Go",,1,Less than half the time spent in class,Usually by myself,Neutral,Neutral,Neutral,Neutral,Strongly disagree,Somewhat disagree,"Caucasian ",,Male,,2019,,,,"River West (Eliot, Kirkland, Winthrop)",,8,Applied Mathematics,,,,
2018-11-21 17:32:49,2018-11-21 17:36:30,IP Address,100,221,True,2018-11-21 17:36:30,R_2u9pP7S454jv3GN,email,EN,I consent to taking part in this survey.,"Social,Arts & Music,On-Campus Job (House Grill, Lamont Library, etc.)",,,,10,,6,,,,16,3,9,,,,,,,6,"1 ",5,,,,,,,,,,,,,,,,"Netflix,YouTube or YouTube TV",,2,Less than half the time spent in class,Usually by myself,Somewhat agree,Somewhat agree,Strongly disagree,Strongly disagree,Somewhat agree,Somewhat agree,"Caucasian ",,Female,,2022,,"Oak Yard (Canaday, Thayer)",,,,,History,,,,
2018-11-21 18:10:56,2018-11-21 18:14:01,IP Address,100,185,True,2018-11-21 18:14:01,R_5BVG5VmCuI4m23f,email,EN,I consent to taking part in this survey.,"Service,Pre-Professional,Arts & Music,Research,IM Sports","1 ","1 ",2,,,,10,"1 ",9,7,"1 ",5,,,,6,"1 ",6,,,,,,,,,,,,,,,,"1 ",2,1,"Netflix,Amazon Prime Video",,,Less than half the time spent in class,Usually by myself,Strongly disagree,Somewhat agree,Strongly disagree,Strongly disagree,Somewhat agree,Strongly disagree,Black/African,,Female,,2021,,,,"River Central (Adams, Lowell, Quincy)",,5,Molecular and Cellular Biology,,,,
2018-11-21 19:30:56,2018-11-21 19:34:10,IP Address,100,194,True,2018-11-21 19:34:11,R_2Cg1z4E7yMCLQPs,email,EN,I consent to taking part in this survey.,"Service,Social",8,2,6,3,"1 ",4,,,,,,,,,,,,,,,,,,,,,,,,,,,,,,,"Netflix,YouTube or YouTube TV",,7,Between half the time and the full time spent in class,Usually by myself,Somewhat agree,Somewhat agree,Somewhat disagree,Somewhat disagree,Neutral,Strongly disagree,Prefer not to answer,,Male,,2019,,,,"The Quad (Cabot, Currier, Pfoho)",,6,Linguistics,,,,
2018-11-22 20:51:32,2018-11-22 20:54:10,IP Address,100,157,True,2018-11-22 20:54:10,R_1M0WnqpbpKxhAYr,email,EN,I consent to taking part in this survey.,"Arts & Music,IM Sports",,,,,,,,,,5,"1 ",2,,,,,,,,,,,,,,,,,,,,,,2,"1 ",4,,,,Less than half the time spent in class,,Neutral,Neutral,Neutral,Neutral,Neutral,Neutral,Asian,,Male,,2022,,"Crimson Yard (Greenough, Hurlbut, Pennypacker, Wigglesworth)",,,,,Applied Mathematics,,,,
2018-11-20 21:59:20,2018-11-22 22:37:50,IP Address,100,175109,True,2018-11-22 22:37:50,R_b7xnkO9gz5tlcEV,email,EN,I consent to taking part in this survey.,"Service,Pre-Professional,On-Campus Job (House Grill, Lamont Library, etc.),Tutoring/CA/TF",5,2,4,,,,18,"1 ",9,,,,,,,,,,2,"1 ",3,,,,"1 ","1 ",2,,,,,,,,,,"Hulu,Netflix",,2,Less than half the time spent in class,Usually by myself,Somewhat agree,Strongly Agree,Strongly disagree,Somewhat disagree,Somewhat agree,Strongly disagree,Black/African,,Male,,2022,,"Elm Yard (Grays, Matthews, Weld)",,,,,Social Studies,,,,
2018-11-23 08:27:14,2018-11-23 08:31:37,IP Address,100,262,True,2018-11-23 08:31:37,R_z05Txi69WjgfnZn,email,EN,I consent to taking part in this survey.,Varsity Sports Team,,,,,,,,,,,,,,,,,,,,,,,,,,,,20+,2,10,,,,,,,Netflix,,2,Less than half the time spent in class,Usually with others,Somewhat agree,Strongly Agree,Somewhat disagree,Neutral,Somewhat agree,Neutral,"Caucasian ",,Male,,2022,,"Crimson Yard (Greenough, Hurlbut, Pennypacker, Wigglesworth)",,,,,,,,,
2018-11-23 11:25:26,2018-11-23 11:27:53,IP Address,100,146,True,2018-11-23 11:27:53,R_3D1pmm7AYjePxGz,email,EN,I consent to taking part in this survey.,"Service,Arts & Music,Politics",2,"1 ",2,,,,,,,2,"1 ",4,2,"1 ",5,,,,,,,,,,,,,,,,,,,,,,"Netflix,YouTube or YouTube TV",,2,Less than half the time spent in class,Usually with others,Somewhat agree,Somewhat agree,Strongly disagree,Strongly disagree,Strongly Agree,Strongly disagree,"Caucasian ,Hispanic/Latinx",,Female,,2022,,"Elm Yard (Grays, Matthews, Weld)",,,,,Undecided,,,,
2018-11-23 13:36:29,2018-11-23 13:41:46,IP Address,100,316,True,2018-11-23 13:41:47,R_1Okjc3qkXOdbeiD,email,EN,I consent to taking part in this survey.,Varsity Sports Team,,,,,,,,,,,,,,,,,,,,,,,,,,,,20+,,10,,,,,,,"Netflix,Amazon Prime Video,YouTube or YouTube TV",,1,Less than half the time spent in class,Usually by myself,Strongly Agree,Somewhat agree,Strongly Agree,Somewhat disagree,Strongly Agree,Strongly disagree,Hispanic/Latinx,,Female,,2022,,"Crimson Yard (Greenough, Hurlbut, Pennypacker, Wigglesworth)",,,,,Undecided,,,,
2018-11-23 19:59:39,2018-11-23 20:02:00,IP Address,100,140,True,2018-11-23 20:02:01,R_3HSIXtl9XwfORSP,email,EN,I consent to taking part in this survey.,"Social,Arts & Music,Club Sports Team,IM Sports",,,,5,2,6,,,,3,"1 ",7,,,,,,,,,,,,,,,,,,,"1 ","1 ",,5,,7,"Netflix,YouTube or YouTube TV",,6,Between half the time and the full time spent in class,Usually by myself,Strongly Agree,Strongly Agree,Strongly disagree,Strongly disagree,Strongly disagree,Strongly Agree,Hispanic/Latinx,,Male,,2021,,,,"The Quad (Cabot, Currier, Pfoho)",,8,Human Evolutionary Biology,,,,
2018-11-24 13:01:21,2018-11-24 13:06:02,IP Address,100,280,True,2018-11-24 13:06:03,R_2ExT1TuYoBpK7A4,email,EN,I consent to taking part in this survey.,"Politics,Club Sports Team,IM Sports",,,,,,,,,,,,,"1 ","1 ",2,,,,,,,,,,,,,,,,10,3,7,"1 ",2,4,"HBO Now or HBO Go,YouTube or YouTube TV",,10,About the same amount of time as the time spent in class,Usually by myself,Somewhat agree,Strongly Agree,Strongly Agree,Somewhat agree,Somewhat agree,Strongly disagree,"Caucasian ",,Male,,2022,,"Ivy Yard (Apley Court, Hollis, Holworthy, Lionel, Massachusetts Hall, Mower, Stoughton, Straus)",,,,,Undecided,,,,
2018-11-24 18:49:04,2018-11-24 18:51:28,IP Address,100,143,True,2018-11-24 18:51:28,R_1FIzKTT9PhVFsYp,email,EN,I consent to taking part in this survey.,"Service,Club Sports Team",15,2,6,,,,,,,,,,,,,,,,,,,,,,,,,,,,5,"1 ",2,,,,Netflix,,1,Less than half the time spent in class,Usually with others,Somewhat agree,Somewhat agree,Strongly disagree,Somewhat disagree,Somewhat agree,Somewhat disagree,"Caucasian ",,Female,,2022,,"Elm Yard (Grays, Matthews, Weld)",,,,,Undecided,,,,
2018-11-24 18:47:29,2018-11-24 18:57:21,IP Address,100,591,True,2018-11-24 18:57:21,R_1DqduETPLud1xNp,email,EN,I consent to taking part in this survey.,"Social,Pre-Professional,Politics,IM Sports",,,,5,"1 ",7,10,2,7,,,,5,"1 ",5,,,,,,,,,,,,,,,,,,,2,"1 ",2,YouTube or YouTube TV,,5,Less than half the time spent in class,Usually by myself,Somewhat agree,Strongly Agree,Strongly Agree,Somewhat agree,Strongly disagree,Strongly disagree,"Caucasian ",,Male,,2022,,"Ivy Yard (Apley Court, Hollis, Holworthy, Lionel, Massachusetts Hall, Mower, Stoughton, Straus)",,,,,Economics,,,,
2018-11-24 19:16:02,2018-11-24 19:19:24,IP Address,100,202,True,2018-11-24 19:19:25,R_3jSRP8FthBzuMyS,email,EN,I consent to taking part in this survey.,Service,12,5,8,,,,,,,,,,,,,,,,,,,,,,,,,,,,,,,,,,"Hulu,Netflix",,14,Between the full time spent and class and double the time spent in class,Usually by myself,Strongly Agree,Strongly Agree,Somewhat disagree,Neutral,Strongly Agree,Strongly disagree,"Caucasian ",,Female,,2022,,"Ivy Yard (Apley Court, Hollis, Holworthy, Lionel, Massachusetts Hall, Mower, Stoughton, Straus)",,,,,Psychology,,,,
2018-11-24 19:22:39,2018-11-24 19:24:41,IP Address,100,121,True,2018-11-24 19:24:42,R_2WBhl5aSzfrc6D9,email,EN,I consent to taking part in this survey.,"Service,Social,Research,Varsity Sports Team","1 ","1 ",5,20+,"1 ",3,,,,,,,,,,3,"1 ",3,,,,,,,,,,20+,"1 ",9,,,,,,,"Netflix,HBO Now or HBO Go,YouTube or YouTube TV",,7,More than double the time spent in class,Usually by myself,Strongly Agree,Somewhat agree,Somewhat agree,Neutral,Neutral,Neutral,"Asian,Caucasian ",,Male,,2020,,,,"River East (Dunster, Leverett, Mather)",,8,Statistics,,,,
2018-11-20 15:09:14,2018-11-24 19:27:20,IP Address,100,361086,True,2018-11-24 19:27:20,R_R7REfUIkBuXGlxL,email,EN,I consent to taking part in this survey.,"Social,Arts & Music",,,,3,"1 ",4,,,,5,"1 ",8,,,,,,,,,,,,,,,,,,,,,,,,,"Netflix,YouTube or YouTube TV",,1,Less than half the time spent in class,Usually by myself,Somewhat agree,Somewhat agree,Somewhat disagree,Strongly disagree,Neutral,Neutral,Asian,,Female,,2022,,"Crimson Yard (Greenough, Hurlbut, Pennypacker, Wigglesworth)",,,,,Undecided,,,,
2018-11-24 19:39:19,2018-11-24 19:42:18,IP Address,100,179,True,2018-11-24 19:42:18,R_vCrQA3YSQvuMvmh,email,EN,I consent to taking part in this survey.,Varsity Sports Team,,,,,,,,,,,,,,,,,,,,,,,,,,,,15,"1 ",8,,,,,,,"Netflix,Sling TV",,2,Less than half the time spent in class,Usually by myself,Somewhat agree,Somewhat agree,Strongly disagree,Neutral,Somewhat agree,Strongly disagree,"Caucasian ",,Male,,2022,,"Elm Yard (Grays, Matthews, Weld)",,,,,Undecided,,,,
2018-11-24 20:46:56,2018-11-24 20:50:36,IP Address,100,220,True,2018-11-24 20:50:37,R_a623lgRLb1lc1KF,email,EN,I consent to taking part in this survey.,"Social,Pre-Professional,Arts & Music,Club Sports Team",,,,10,"1 ",9,"1 ",2,2,5,"1 ",7,,,,,,,,,,,,,,,,,,,2,"1 ",2,,,,"Netflix,HBO Now or HBO Go",,3,Less than half the time spent in class,Usually by myself,Somewhat agree,Somewhat agree,Somewhat disagree,Strongly disagree,Strongly disagree,Strongly Agree,"Caucasian ",,Male,,2019,,,,"River East (Dunster, Leverett, Mather)",,5,Economics,,,,
2018-11-24 21:25:30,2018-11-24 21:28:06,IP Address,100,155,True,2018-11-24 21:28:06,R_1dvhEs6ceSFktrl,email,EN,I consent to taking part in this survey.,"Arts & Music,On-Campus Job (House Grill, Lamont Library, etc.)",,,,,,,,,,4,2,7,,,,,,,2,"1 ",5,,,,,,,,,,,,,,,,YouTube or YouTube TV,,3,Less than half the time spent in class,Sometimes by myself,Somewhat agree,Strongly Agree,Strongly Agree,Somewhat disagree,Somewhat agree,Neutral,Asian,,Female,,2022,,"Elm Yard (Grays, Matthews, Weld)",,,,,History and Science,,,,
2018-11-24 21:26:30,2018-11-24 21:29:31,IP Address,100,180,True,2018-11-24 21:29:31,R_3Gs3bDcKYOqL7NH,email,EN,I consent to taking part in this survey.,"Service,Pre-Professional,Research,Tutoring/CA/TF",3,"1 ",4,,,,3,"1 ",2,,,,,,,,,,,,,,,,8,2,7,,,,,,,,,,,,1,Less than half the time spent in class,Usually with others,Strongly disagree,Somewhat agree,Strongly disagree,Strongly disagree,Somewhat agree,Strongly disagree,"Caucasian ",,Female,,2020,,,,"River West (Eliot, Kirkland, Winthrop)",,7,Social Studies,,,,
2018-11-24 21:46:09,2018-11-24 21:50:18,IP Address,100,249,True,2018-11-24 21:50:19,R_89bCi4A2ljuUngB,email,EN,I consent to taking part in this survey.,"Service,Social,IM Sports",6,2,5,2,"1 ",5,,,,,,,,,,,,,,,,,,,,,,,,,,,,"1 ","1 ",,"Netflix,YouTube or YouTube TV",,2,Less than half the time spent in class,Usually by myself,Somewhat agree,Somewhat agree,Strongly disagree,Strongly disagree,Strongly disagree,Strongly Agree,"Caucasian ",,Male,,2022,,"Ivy Yard (Apley Court, Hollis, Holworthy, Lionel, Massachusetts Hall, Mower, Stoughton, Straus)",,,,,Engineering Sciences,,,,
2018-11-24 22:42:25,2018-11-24 22:51:04,IP Address,100,518,True,2018-11-24 22:51:04,R_2XhrP7i7KCxrVIq,email,EN,I consent to taking part in this survey.,"Arts & Music,Research,On-Campus Job (House Grill, Lamont Library, etc.),Tutoring/CA/TF",,,,,,,,,,5,"1 ",8,,,,5,"1 ",5,10,2,6,,,,4,"1 ",5,,,,,,,,,,"Hulu,Netflix,YouTube or YouTube TV",,10,About the same amount of time as the time spent in class,Usually with others,Strongly Agree,Strongly Agree,Somewhat agree,Somewhat disagree,Strongly Agree,Somewhat disagree,Asian,,Female,,2019,,,,"River West (Eliot, Kirkland, Winthrop)",,3,History and Literature,,,,
2018-11-25 04:30:40,2018-11-25 04:33:37,IP Address,100,176,True,2018-11-25 04:33:37,R_1mI2Nj1h2gykQqL,email,EN,I consent to taking part in this survey.,"Research,Varsity Sports Team,IM Sports",,,,,,,,,,,,,,,,7,"1 ",7,,,,,,,,,,20+,"1 ",10,,,,3,"1 ",3,"Netflix,Amazon Prime Video,YouTube or YouTube TV",,8,Less than half the time spent in class,Usually by myself,Strongly Agree,Strongly Agree,Somewhat agree,Somewhat agree,Neutral,Somewhat disagree,"Caucasian ",,Nonbinary,,2021,,,,"River Central (Adams, Lowell, Quincy)",,1,Integrative Biology,,,,
2018-11-25 08:54:53,2018-11-25 09:00:48,IP Address,100,354,True,2018-11-25 09:00:48,R_1dmJKV8kb2fZBTr,email,EN,I consent to taking part in this survey.,"Pre-Professional,IM Sports",,,,,,,10,2,8,,,,,,,,,,,,,,,,,,,,,,,,,2,"1 ",3,"HBO Now or HBO Go,YouTube or YouTube TV,Other",NBA League Pass,8,Between half the time and the full time spent in class,Usually with others,Somewhat disagree,Somewhat agree,Strongly disagree,Strongly disagree,Strongly Agree,Strongly Agree,"Caucasian ",,Male,,2022,,"Ivy Yard (Apley Court, Hollis, Holworthy, Lionel, Massachusetts Hall, Mower, Stoughton, Straus)",,,,,Economics,,,,
2018-11-25 08:58:59,2018-11-25 09:02:11,IP Address,100,192,True,2018-11-25 09:02:11,R_An8tXfI4jMhtp8B,email,EN,I consent to taking part in this survey.,"Pre-Professional,Varsity Sports Team",,,,,,,"1 ","1 ",2,,,,,,,,,,,,,,,,,,,16,"1 ",9,,,,,,,"Netflix,YouTube or YouTube TV",,1,Less than half the time spent in class,,Somewhat agree,Somewhat agree,Strongly disagree,Strongly disagree,Somewhat agree,Strongly disagree,Asian,,Female,,2022,,"Crimson Yard (Greenough, Hurlbut, Pennypacker, Wigglesworth)",,,,,Mathematics,,,,
2018-11-25 09:54:53,2018-11-25 09:59:03,IP Address,100,249,True,2018-11-25 09:59:04,R_3egkvlGppw4bi9p,email,EN,I consent to taking part in this survey.,Service,10,"1 ",8,,,,,,,,,,,,,,,,,,,,,,,,,,,,,,,,,,Netflix,,5,Less than half the time spent in class,Usually by myself,Strongly Agree,Strongly Agree,Somewhat disagree,Somewhat agree,Somewhat agree,Strongly disagree,"Caucasian ",,Male,,2021,,,,"River Central (Adams, Lowell, Quincy)",,6,Social Studies,,,,
2018-11-25 10:38:41,2018-11-25 10:42:50,IP Address,100,249,True,2018-11-25 10:42:51,R_XOhMyrW3o8hMO6l,email,EN,I consent to taking part in this survey.,"Arts & Music,On-Campus Job (House Grill, Lamont Library, etc.),Varsity Sports Team",,,,,,,,,,5,"1 ",7,,,,,,,2,"1 ",3,,,,,,,18,"1 ",9,,,,,,,"Netflix,YouTube or YouTube TV,Other",Plex,3,About the same amount of time as the time spent in class,Usually by myself,Strongly Agree,Somewhat agree,Strongly disagree,Strongly disagree,Somewhat agree,Strongly Agree,"Caucasian ",,Female,,2022,,"Oak Yard (Canaday, Thayer)",,,,,Mathematics,,,,
2018-11-25 12:04:14,2018-11-25 12:06:09,IP Address,100,114,True,2018-11-25 12:06:10,R_1QauaiPJka7vuaL,email,EN,I consent to taking part in this survey.,"Politics,Research",,,,,,,,,,,,,5,"1 ",6,2,"1 ",3,,,,,,,,,,,,,,,,,,,"Netflix,YouTube or YouTube TV",,2,Less than half the time spent in class,Usually by myself,Somewhat agree,Somewhat agree,Strongly disagree,Strongly disagree,Somewhat agree,Somewhat agree,Asian,,Male,,2022,,"Elm Yard (Grays, Matthews, Weld)",,,,,Applied Mathematics,,,,
2018-11-25 13:04:20,2018-11-25 13:09:27,IP Address,100,307,True,2018-11-25 13:09:28,R_1iljTEa4iRZ9ZZS,email,EN,I consent to taking part in this survey.,"Pre-Professional,Arts & Music,Politics",,,,,,,10,2,6,8,"1 ",6,2,"1 ",2,,,,,,,,,,,,,,,,,,,,,,"Netflix,Amazon Prime Video,YouTube or YouTube TV",,1,Less than half the time spent in class,Usually with others,Somewhat disagree,Strongly Agree,Strongly disagree,Somewhat disagree,Strongly Agree,Strongly disagree,Asian,,Female,,2021,,,,"River West (Eliot, Kirkland, Winthrop)",,6,Economics,,,,
2018-11-25 14:38:57,2018-11-25 14:42:27,IP Address,100,209,True,2018-11-25 14:42:27,R_322ZUL97SkPYqiv,email,EN,I consent to taking part in this survey.,"Service,Social,Arts & Music",2,2,5,"1 ","1 ",3,,,,5,2,8,,,,,,,,,,,,,,,,,,,,,,,,,"Netflix,Amazon Prime Video,YouTube or YouTube TV",,3,Less than half the time spent in class,Usually by myself,Strongly Agree,Strongly Agree,Somewhat disagree,Strongly disagree,Somewhat agree,Strongly disagree,"Caucasian ",,Female,,2022,,"Ivy Yard (Apley Court, Hollis, Holworthy, Lionel, Massachusetts Hall, Mower, Stoughton, Straus)",,,,,Neurobiology,,,,
2018-11-25 18:17:25,2018-11-25 18:24:51,IP Address,100,445,True,2018-11-25 18:24:52,R_5iORNpTF9nmNDcB,email,EN,I consent to taking part in this survey.,"Service,Social,Club Sports Team,IM Sports",2,"1 ",3,2,"1 ",3,,,,,,,,,,,,,,,,,,,,,,,,,5,"1 ",4,3,"1 ",,YouTube or YouTube TV,,6,Less than half the time spent in class,Usually by myself,Strongly Agree,Somewhat agree,Strongly disagree,Strongly disagree,Neutral,Strongly disagree,"Caucasian ",,Male,,2019,,,,"River East (Dunster, Leverett, Mather)",,6,Human Developmental and Regenerative Biology,,,,
2018-11-25 23:18:36,2018-11-25 23:22:43,IP Address,100,246,True,2018-11-25 23:22:43,R_1E42yeMexIZpqjq,email,EN,I consent to taking part in this survey.,"Arts & Music,Tutoring/CA/TF",,,,,,,,,,6,3,7,,,,,,,,,,,,,2,"1 ",6,,,,,,,,,,"Netflix,YouTube or YouTube TV",,2,Less than half the time spent in class,Usually by myself,Strongly Agree,Somewhat agree,Strongly disagree,Somewhat disagree,Neutral,Strongly disagree,"Black/African,Other (please specify)",Mixed,Female,,2020,,,,"River West (Eliot, Kirkland, Winthrop)",,8,Anthropology,,,,
2018-11-27 12:56:05,2018-11-27 12:59:13,IP Address,100,186,True,2018-11-27 12:59:13,R_3h9E6pydVYV3FjM,email,EN,I consent to taking part in this survey.,"Service,Club Sports Team,IM Sports",4,"1 ",5,,,,,,,,,,,,,,,,,,,,,,,,,,,,12,"1 ",8,2,2,2,"Netflix,Amazon Prime Video,YouTube or YouTube TV",,6,About the same amount of time as the time spent in class,Usually by myself,Somewhat agree,Somewhat agree,Strongly disagree,Strongly disagree,Strongly Agree,Somewhat disagree,"Caucasian ",,Male,,2020,,,,"River East (Dunster, Leverett, Mather)",,4,Economics,,,,
2018-11-20 14:45:12,2018-11-20 14:45:40,IP Address,70,27,False,2018-11-27 14:46:00,R_6YexgBNnxzXETvP,email,EN,I consent to taking part in this survey.,"Social,Pre-Professional",,,,,,,,,,,,,,,,,,,,,,,,,,,,,,,,,,,,,,,,,,,,,,,,,,,,,,,,,,,,,,,
2018-11-20 14:45:12,2018-11-20 14:45:56,IP Address,4,43,False,2018-11-27 14:46:04,R_cMXBZloB8iVQbRL,email,EN,I consent to taking part in this survey.,"Pre-Professional,Arts & Music",,,,,,,,,,,,,,,,,,,,,,,,,,,,,,,,,,,,,,,,,,,,,,,,,,,,,,,,,,,,,,,
2018-11-20 14:45:58,2018-11-20 14:46:27,IP Address,4,29,False,2018-11-27 14:46:28,R_2CBUaRIaxQj7ATW,email,EN,I consent to taking part in this survey.,"Social,Arts & Music",,,,,,,,,,,,,,,,,,,,,,,,,,,,,,,,,,,,,,,,,,,,,,,,,,,,,,,,,,,,,,,
2018-11-20 14:46:07,2018-11-20 14:46:39,IP Address,4,31,False,2018-11-27 14:47:02,R_3RkXrdBQ2HOb9Rr,email,EN,I consent to taking part in this survey.,"Social,Pre-Professional,Research",,,,,,,,,,,,,,,,,,,,,,,,,,,,,,,,,,,,,,,,,,,,,,,,,,,,,,,,,,,,,,,
2018-11-20 14:47:07,2018-11-20 14:48:55,IP Address,4,107,False,2018-11-27 14:49:23,R_yO4Q8eFKKNu9IrL,email,EN,I consent to taking part in this survey.,"Pre-Professional,Research,On-Campus Job (House Grill, Lamont Library, etc.)",,,,,,,,,,,,,,,,,,,,,,,,,,,,,,,,,,,,,,,,,,,,,,,,,,,,,,,,,,,,,,,
2018-11-20 14:49:48,2018-11-20 14:50:03,IP Address,4,14,False,2018-11-27 14:50:22,R_2WT5ipxXxsI1elP,email,EN,I consent to taking part in this survey.,"Service,Social,Pre-Professional,Politics",,,,,,,,,,,,,,,,,,,,,,,,,,,,,,,,,,,,,,,,,,,,,,,,,,,,,,,,,,,,,,,
2018-11-20 14:54:28,2018-11-20 14:54:43,IP Address,4,15,False,2018-11-27 14:54:50,R_1LZRFJjrFl6247L,email,EN,I consent to taking part in this survey.,"Social,Arts & Music,Politics",,,,,,,,,,,,,,,,,,,,,,,,,,,,,,,,,,,,,,,,,,,,,,,,,,,,,,,,,,,,,,,
2018-11-20 14:57:10,2018-11-20 14:58:19,IP Address,70,68,False,2018-11-27 14:58:45,R_1E6EQ3kilm5nNkM,email,EN,I consent to taking part in this survey.,"Social,Politics,Research",,,,2,"1 ",2,,,,,,,4,2,3,8,"1 ",6,,,,,,,,,,,,,,,,,,,,,,,,,,,,,,,,,,,,,,,,,,,,,
2018-11-20 15:01:41,2018-11-20 15:02:33,IP Address,4,52,False,2018-11-27 15:02:43,R_2XdFNFgqRSh2gOW,email,EN,I consent to taking part in this survey.,"Service,Social,Politics",,,,,,,,,,,,,,,,,,,,,,,,,,,,,,,,,,,,,,,,,,,,,,,,,,,,,,,,,,,,,,,
2018-11-20 15:02:47,2018-11-20 15:04:28,IP Address,4,100,False,2018-11-27 15:04:37,R_2OIq0xqdr12inwF,email,EN,I consent to taking part in this survey.,"Service,Social,Research,Tutoring/CA/TF",,,,,,,,,,,,,,,,,,,,,,,,,,,,,,,,,,,,,,,,,,,,,,,,,,,,,,,,,,,,,,,
2018-11-20 15:11:49,2018-11-20 15:12:21,IP Address,4,32,False,2018-11-27 15:12:32,R_0cEKh3VmocbGpFL,email,EN,I consent to taking part in this survey.,"Service,Social,Pre-Professional",,,,,,,,,,,,,,,,,,,,,,,,,,,,,,,,,,,,,,,,,,,,,,,,,,,,,,,,,,,,,,,
2018-11-20 15:44:28,2018-11-20 15:45:30,IP Address,70,62,False,2018-11-27 16:01:01,R_3m2G1hFLOte0jx8,email,EN,I consent to taking part in this survey.,"Social,Pre-Professional,Research,Varsity Sports Team",,,,,,,,,,,,,,,,,,,,,,,,,,,,,,,,,,,,,,,,,,,,,,,,,,,,,,,,,,,,,,,
2018-11-20 16:12:51,2018-11-20 16:12:58,IP Address,2,6,False,2018-11-27 16:13:02,R_239ogNeb7rhSB34,email,EN,I consent to taking part in this survey.,,,,,,,,,,,,,,,,,,,,,,,,,,,,,,,,,,,,,,,,,,,,,,,,,,,,,,,,,,,,,,,,
2018-11-20 16:17:49,2018-11-20 16:17:55,IP Address,2,5,False,2018-11-27 16:18:02,R_3EQD4zlhGX43IBj,email,EN,I consent to taking part in this survey.,,,,,,,,,,,,,,,,,,,,,,,,,,,,,,,,,,,,,,,,,,,,,,,,,,,,,,,,,,,,,,,,
2018-11-20 17:09:21,2018-11-20 17:09:53,IP Address,4,32,False,2018-11-27 17:09:55,R_PvVAA2P5kyjyhjz,email,EN,I consent to taking part in this survey.,"Service,Social,Varsity Sports Team",,,,,,,,,,,,,,,,,,,,,,,,,,,,,,,,,,,,,,,,,,,,,,,,,,,,,,,,,,,,,,,
2018-11-20 17:31:14,2018-11-20 17:32:01,IP Address,4,47,False,2018-11-27 17:32:01,R_3hF8CRv4Ht9lRmw,email,EN,I consent to taking part in this survey.,"Service,Social,Politics,On-Campus Job (House Grill, Lamont Library, etc.)",,,,,,,,,,,,,,,,,,,,,,,,,,,,,,,,,,,,,,,,,,,,,,,,,,,,,,,,,,,,,,,
2018-11-20 17:33:18,2018-11-20 17:34:22,IP Address,70,63,False,2018-11-27 17:34:37,R_rqMjukajvrGXA0F,email,EN,I consent to taking part in this survey.,Varsity Sports Team,,,,,,,,,,,,,,,,,,,,,,,,,,,,20+,"1 ",10,,,,,,,,,,,,,,,,,,,,,,,,,,,,,,,,,
2018-11-20 19:53:00,2018-11-20 19:53:21,IP Address,4,21,False,2018-11-27 19:53:27,R_s705U2OReC5ZiCZ,email,EN,I consent to taking part in this survey.,"Arts & Music,Research,IM Sports",,,,,,,,,,,,,,,,,,,,,,,,,,,,,,,,,,,,,,,,,,,,,,,,,,,,,,,,,,,,,,,
2018-11-20 20:19:11,2018-11-20 20:24:54,IP Address,70,342,False,2018-11-27 20:25:15,R_2CjjZ3zSoiVgLRn,email,EN,I consent to taking part in this survey.,"Social,Arts & Music",,,,6,"1 ",5,,,,11,3,4,,,,,,,,,,,,,,,,,,,,,,,,,,,,,,,,,,,,,,,,,,,,,,,,,,,
2018-11-28 10:23:33,2018-11-28 10:26:28,IP Address,100,174,True,2018-11-28 10:26:28,R_3HtPZTsgwF9cxzV,email,EN,I consent to taking part in this survey.,"Pre-Professional,On-Campus Job (House Grill, Lamont Library, etc.)",,,,,,,6,2,4,,,,,,,,,,12,"1 ",4,,,,,,,,,,,,,,,,"Hulu,Netflix,YouTube or YouTube TV",,6,Less than half the time spent in class,Usually by myself,Somewhat agree,Somewhat disagree,Somewhat agree,Somewhat disagree,Somewhat disagree,Somewhat disagree,Hispanic/Latinx,,Male,,2021,,,,"River Central (Adams, Lowell, Quincy)",,5,Neurobiology,,,,
2018-11-28 14:58:50,2018-11-28 15:00:21,IP Address,100,90,True,2018-11-28 15:00:22,R_322ASQdGjkzr5LF,email,EN,I consent to taking part in this survey.,,,,,,,,,,,,,,,,,,,,,,,,,,,,,,,,,,,,,,"Netflix,HBO Now or HBO Go,Amazon Prime Video,YouTube or YouTube TV",,10,Between half the time and the full time spent in class,Sometimes by myself,Somewhat agree,Somewhat agree,Somewhat agree,Strongly disagree,,,"Caucasian ",,Male,,2022,,"Crimson Yard (Greenough, Hurlbut, Pennypacker, Wigglesworth)",,,,,History,,,,
2018-11-21 15:56:34,2018-11-21 15:57:12,IP Address,4,38,False,2018-11-28 15:57:18,R_PXTIBRTfzsGO7yV,email,EN,I consent to taking part in this survey.,"Service,Social,Pre-Professional,Arts & Music,On-Campus Job (House Grill, Lamont Library, etc.)",,,,,,,,,,,,,,,,,,,,,,,,,,,,,,,,,,,,,,,,,,,,,,,,,,,,,,,,,,,,,,,
2018-11-21 12:23:32,2018-11-21 16:59:45,IP Address,70,16573,False,2018-11-28 16:59:46,R_2wN1r9vd9fyl1S9,email,EN,I consent to taking part in this survey.,"Pre-Professional,Politics,Research,On-Campus Job (House Grill, Lamont Library, etc.),Club Sports Team",,,,,,,5,"1 ",4,,,,"1 ","1 ",1,7,"1 ",4,10,"1 ",5,,,,,,,,,,4,"1 ",2,,,,,,,,,,,,,,,,,,,,,,,,,,,,,,
2018-11-21 23:17:27,2018-11-21 23:18:56,IP Address,4,88,False,2018-11-28 23:18:57,R_1oI0FUV6Dzj57i4,email,EN,I consent to taking part in this survey.,"Social,On-Campus Job (House Grill, Lamont Library, etc.)",,,,,,,,,,,,,,,,,,,,,,,,,,,,,,,,,,,,,,,,,,,,,,,,,,,,,,,,,,,,,,,
2018-11-29 10:54:51,2018-11-29 10:57:41,IP Address,100,170,True,2018-11-29 10:57:41,R_2wmzVUktrQp8Mak,email,EN,I consent to taking part in this survey.,"Social,Arts & Music,Research",,,,5,"1 ",4,,,,5,"1 ",5,,,,5,2,4,,,,,,,,,,,,,,,,,,,Netflix,,3,Less than half the time spent in class,About equally by myself and with others,Somewhat agree,Somewhat agree,Strongly disagree,Strongly disagree,Somewhat agree,Strongly disagree,"Caucasian ",,Male,,2022,,"Elm Yard (Grays, Matthews, Weld)",,,,,English,,,,
2018-11-29 10:57:22,2018-11-29 11:00:55,IP Address,100,213,True,2018-11-29 11:00:56,R_3255VaAs8VbSsJh,email,EN,I consent to taking part in this survey.,"Social,Tutoring/CA/TF,Varsity Sports Team,Club Sports Team",,,,2,2,2,,,,,,,,,,,,,,,,,,,5,"1 ",2,15,"1 ",7,"1 ","1 ",,,,,,,,Less than half the time spent in class,,Strongly disagree,Strongly disagree,Strongly disagree,Strongly disagree,Strongly disagree,Strongly disagree,"Caucasian ",,Male,,2020,,,,"River East (Dunster, Leverett, Mather)",,2,Social Studies,,,,
2018-11-29 11:00:24,2018-11-29 11:02:41,IP Address,100,137,True,2018-11-29 11:02:41,R_2CkMUb80J5iyztT,email,EN,I consent to taking part in this survey.,"Service,Club Sports Team,IM Sports",2,"1 ",3,,,,,,,,,,,,,,,,,,,,,,,,,,,,4,"1 ",5,"1 ","1 ",2,"Hulu,Netflix,HBO Now or HBO Go,Amazon Prime Video,YouTube or YouTube TV",,1,Less than half the time spent in class,About equally by myself and with others,Somewhat agree,Somewhat agree,Somewhat agree,Strongly disagree,Strongly Agree,Strongly disagree,"Caucasian ",,Male,,2022,,"Crimson Yard (Greenough, Hurlbut, Pennypacker, Wigglesworth)",,,,,Human Developmental and Regenerative Biology,,,,
2018-11-24 23:05:27,2018-11-29 11:03:52,IP Address,100,388704,True,2018-11-29 11:03:53,R_ZrYVGjuSDUQp2O5,email,EN,I consent to taking part in this survey.,"Service,Social,Politics,On-Campus Job (House Grill, Lamont Library, etc.),PAF",2,"1 ",4,3,2,5,,,,,,,4,"1 ",10,,,,6,"1 ",6,3,"1 ",9,,,,,,,,,,,,,"Hulu,Netflix",,4,Less than half the time spent in class,Usually with others,Strongly Agree,Somewhat agree,Strongly disagree,Strongly disagree,Strongly Agree,Strongly disagree,Hispanic/Latinx,,Male,,2021,,,,"The Quad (Cabot, Currier, Pfoho)",,7,Government,,,,
2018-11-29 11:01:30,2018-11-29 11:05:00,IP Address,100,209,True,2018-11-29 11:05:00,R_2tEeYbNjgAxcgF6,email,EN,I consent to taking part in this survey.,"Service,Pre-Professional,On-Campus Job (House Grill, Lamont Library, etc.),PAF,Club Sports Team",3,2,4,,,,"1 ","1 ",5,,,,,,,,,,10,"1 ",9,3,"1 ",8,,,,,,,4,"1 ",5,,,,Netflix,,1,Less than half the time spent in class,About equally by myself and with others,Strongly disagree,Strongly disagree,Strongly disagree,Strongly disagree,Strongly Agree,Somewhat agree,"Caucasian ",,Female,,2019,,,,"River Central (Adams, Lowell, Quincy)",,8,Neurobiology,,,,
2018-11-29 11:00:22,2018-11-29 11:06:16,IP Address,100,353,True,2018-11-29 11:06:16,R_r9m0QyJDXdO7lTP,email,EN,I consent to taking part in this survey.,"Service,Social,Arts & Music,Research",2,"1 ",6,,,,,,,,,,,,,10,"1 ",8,,,,,,,,,,,,,,,,,,,"Netflix,Amazon Prime Video,YouTube or YouTube TV",,1,Less than half the time spent in class,Sometimes by myself,Somewhat agree,Somewhat agree,Strongly disagree,Neutral,Strongly Agree,Strongly disagree,"Caucasian ,Hispanic/Latinx",,Female,,2020,,,,"The Quad (Cabot, Currier, Pfoho)",,3,Integrative Biology,,,,
2018-11-29 11:03:08,2018-11-29 11:07:27,IP Address,100,258,True,2018-11-29 11:07:27,R_290sDdGYYuDyQEU,email,EN,I consent to taking part in this survey.,"Service,Tutoring/CA/TF","1 ","1 ",1,,,,,,,,,,,,,,,,,,,,,,3,"1 ",2,,,,,,,,,,"Hulu,Netflix,HBO Now or HBO Go",,10,Between half the time and the full time spent in class,Usually by myself,Strongly Agree,Strongly Agree,Somewhat disagree,Somewhat disagree,Somewhat disagree,Strongly Agree,"Caucasian ",,Female,,2019,,,,"River East (Dunster, Leverett, Mather)",,4,Psychology,,,,
2018-11-29 11:04:13,2018-11-29 11:08:12,IP Address,100,239,True,2018-11-29 11:08:13,R_1kIzxU0oHsXcP1F,email,EN,I consent to taking part in this survey.,"Arts & Music,On-Campus Job (House Grill, Lamont Library, etc.),IM Sports",,,,,,,,,,5,"1 ",3,,,,,,,20+,3,9,,,,,,,,,,,,,7,"1 ",5,"Netflix,Amazon Prime Video,YouTube or YouTube TV",,5,Less than half the time spent in class,Usually by myself,Somewhat agree,Strongly Agree,Strongly disagree,Strongly disagree,Neutral,Strongly disagree,"Caucasian ",,Female,,2021,,,,"River West (Eliot, Kirkland, Winthrop)",,6,Joint/Non-conventional concentrators,History of Art and Architecture,Folklore and Mythology,,
2018-11-29 11:13:31,2018-11-29 11:17:04,IP Address,100,212,True,2018-11-29 11:17:04,R_25zrTyNVm5zesBc,email,EN,I consent to taking part in this survey.,"Service,Social,Pre-Professional,Arts & Music,Research,On-Campus Job (House Grill, Lamont Library, etc.)",3,2,5,2,"1 ",3,3,"1 ",5,"1 ","1 ",2,,,,10,"1 ",7,2,"1 ",3,,,,,,,,,,,,,,,,"Hulu,Netflix,HBO Now or HBO Go,Amazon Prime Video",,1,Less than half the time spent in class,Usually with others,Strongly Agree,Strongly Agree,Somewhat disagree,Somewhat agree,Strongly Agree,Somewhat disagree,"Caucasian ",,Female,,2021,,,,"River West (Eliot, Kirkland, Winthrop)",,6,Joint/Non-conventional concentrators,Neurobiology,Linguistics,,
2018-11-24 21:40:55,2018-11-29 11:20:37,IP Address,100,394781,True,2018-11-29 11:20:37,R_3qy6VIIKUBvOOC7,email,EN,I consent to taking part in this survey.,"Social,Pre-Professional,Research",,,,9,"1 ",4,5,"1 ",3,,,,,,,14,2,9,,,,,,,,,,,,,,,,,,,"Netflix,YouTube or YouTube TV",,2,Less than half the time spent in class,Sometimes by myself,Strongly Agree,Strongly Agree,Somewhat disagree,Strongly disagree,Somewhat agree,Strongly disagree,Asian,,Female,,2022,,"Crimson Yard (Greenough, Hurlbut, Pennypacker, Wigglesworth)",,,,,Chemical and Physical Biology,,,,
2018-11-29 11:26:42,2018-11-29 11:28:42,IP Address,100,120,True,2018-11-29 11:28:43,R_2Tz8Aci5hdo81vD,email,EN,I consent to taking part in this survey.,"Service,Pre-Professional,On-Campus Job (House Grill, Lamont Library, etc.)",20+,"1 ",8,,,,4,,3,,,,,,,,,,"1 ",,2,,,,,,,,,,,,,,,,YouTube or YouTube TV,,1,Less than half the time spent in class,Usually by myself,Somewhat agree,Strongly Agree,Strongly disagree,Somewhat disagree,Neutral,Strongly disagree,Asian,,Male,,2022,,"Elm Yard (Grays, Matthews, Weld)",,,,,Economics,,,,
2018-11-29 11:25:21,2018-11-29 11:28:44,IP Address,100,203,True,2018-11-29 11:28:44,R_1cZJTxKHonLCRTc,email,EN,I consent to taking part in this survey.,Arts & Music,,,,,,,,,,"1 ","1 ",5,,,,,,,,,,,,,,,,,,,,,,,,,,,,Less than half the time spent in class,Usually by myself,Neutral,Somewhat agree,Strongly disagree,Strongly disagree,Strongly disagree,Strongly disagree,Hispanic/Latinx,,Female,,2022,,"Ivy Yard (Apley Court, Hollis, Holworthy, Lionel, Massachusetts Hall, Mower, Stoughton, Straus)",,,,,Mechanical Engineering,,,,
2018-11-29 11:26:58,2018-11-29 11:31:44,IP Address,100,285,True,2018-11-29 11:31:44,R_p6rL4lZ4l2p3bEd,email,EN,I consent to taking part in this survey.,,,,,,,,,,,,,,,,,,,,,,,,,,,,,,,,,,,,,,"YouTube or YouTube TV,Other",Various sites for anime,20+,About the same amount of time as the time spent in class,Usually by myself,Strongly Agree,Somewhat agree,Strongly disagree,Strongly disagree,Neutral,Strongly Agree,"Caucasian ",,Male,,2019,,,,"The Quad (Cabot, Currier, Pfoho)",,8,Chemical and Physical Biology,,,,
2018-11-29 11:31:12,2018-11-29 11:33:17,IP Address,100,125,True,2018-11-29 11:33:17,R_2R2frHDXFJgoQfi,email,EN,I consent to taking part in this survey.,Social,,,,5,"1 ",3,,,,,,,,,,,,,,,,,,,,,,,,,,,,,,,YouTube or YouTube TV,,1,Less than half the time spent in class,Usually by myself,Somewhat agree,Strongly Agree,Strongly disagree,Strongly disagree,Strongly disagree,Strongly disagree,Asian,,Male,,2022,,"Crimson Yard (Greenough, Hurlbut, Pennypacker, Wigglesworth)",,,,,Mechanical Engineering,,,,
2018-11-29 11:46:58,2018-11-29 11:49:07,IP Address,100,128,True,2018-11-29 11:49:07,R_1IKGFyDvC0bAclT,email,EN,I consent to taking part in this survey.,Arts & Music,,,,,,,,,,9,2,5,,,,,,,,,,,,,,,,,,,,,,,,,"Netflix,Amazon Prime Video,YouTube or YouTube TV",,2,Less than half the time spent in class,Usually with others,Strongly Agree,Somewhat agree,Strongly disagree,Strongly disagree,Strongly Agree,Strongly disagree,"Caucasian ",,Female,,2022,,"Elm Yard (Grays, Matthews, Weld)",,,,,Undecided,,,,
2018-11-29 11:59:31,2018-11-29 12:02:34,IP Address,100,183,True,2018-11-29 12:02:34,R_R90YBbarxfxg7wl,email,EN,I consent to taking part in this survey.,"On-Campus Job (House Grill, Lamont Library, etc.),Varsity Sports Team",,,,,,,,,,,,,,,,,,,10,"1 ",,,,,,,,20+,"1 ",10,,,,,,,"Netflix,YouTube or YouTube TV",,6,Less than half the time spent in class,Usually by myself,Strongly Agree,Strongly Agree,Strongly Agree,Somewhat disagree,Somewhat agree,Strongly disagree,"Caucasian ",,Male,,2022,,"Crimson Yard (Greenough, Hurlbut, Pennypacker, Wigglesworth)",,,,,Economics,,,,
2018-11-29 12:38:36,2018-11-29 12:41:22,IP Address,100,166,True,2018-11-29 12:41:22,R_1IERu4xyRTWfjf3,email,EN,I consent to taking part in this survey.,Varsity Sports Team,,,,,,,,,,,,,,,,,,,,,,,,,,,,20+,"1 ",,,,,,,,Netflix,,3,Between half the time and the full time spent in class,Usually by myself,Strongly Agree,Strongly Agree,Strongly Agree,Strongly Agree,Neutral,Strongly disagree,Black/African,,Female,,2022,,"Crimson Yard (Greenough, Hurlbut, Pennypacker, Wigglesworth)",,,,,Undecided,,,,
2018-11-29 12:49:29,2018-11-29 12:52:46,IP Address,100,197,True,2018-11-29 12:52:47,R_23dTJUieaxw5uMg,email,EN,I consent to taking part in this survey.,"Social,Pre-Professional,Varsity Sports Team",,,,15,2,5,2,"1 ",5,,,,,,,,,,,,,,,,,,,18,"1 ",8,,,,,,,YouTube or YouTube TV,,1,Less than half the time spent in class,Usually with others,Strongly disagree,Strongly disagree,Strongly disagree,Somewhat agree,Strongly Agree,Strongly disagree,"Caucasian ",,Male,,2022,,"Elm Yard (Grays, Matthews, Weld)",,,,,Electrical Engineering,,,,
2018-11-29 12:53:25,2018-11-29 12:55:45,IP Address,100,140,True,2018-11-29 12:55:45,R_2RaeUV7qvUCvO3G,email,EN,I consent to taking part in this survey.,"Politics,Research",,,,,,,,,,,,,2,"1 ",8,4,"1 ",5,,,,,,,,,,,,,,,,,,,"Netflix,Sling TV,YouTube or YouTube TV",,7,Between half the time and the full time spent in class,Usually by myself,Strongly Agree,Strongly Agree,Somewhat agree,Strongly disagree,Somewhat agree,Somewhat agree,"Asian,Caucasian ",,Male,,2019,,,,"River Central (Adams, Lowell, Quincy)",,4,History,,,,
2018-11-29 12:56:22,2018-11-29 13:01:50,IP Address,100,327,True,2018-11-29 13:01:51,R_3fAWLtbFkyytIrh,email,EN,I consent to taking part in this survey.,"Service,Pre-Professional,Arts & Music",3,"1 ",4,,,,"1 ","1 ",2,3,3,4,,,,,,,,,,,,,,,,,,,,,,,,,"Netflix,HBO Now or HBO Go,Amazon Prime Video",,4,Less than half the time spent in class,Sometimes by myself,Strongly Agree,Somewhat agree,Neutral,Somewhat disagree,Somewhat agree,Strongly disagree,"Asian,Caucasian ",,Female,,2022,,"Ivy Yard (Apley Court, Hollis, Holworthy, Lionel, Massachusetts Hall, Mower, Stoughton, Straus)",,,,,Human Developmental and Regenerative Biology,,,,
2018-11-29 13:40:08,2018-11-29 13:42:35,IP Address,100,147,True,2018-11-29 13:42:35,R_2YDq6Eh2zL9inea,email,EN,I consent to taking part in this survey.,"Politics,Varsity Sports Team",,,,,,,,,,,,,2,"1 ",3,,,,,,,,,,,,,16,"1 ",7,,,,,,,"Netflix,YouTube or YouTube TV",,14,Between the full time spent and class and double the time spent in class,Usually by myself,Strongly Agree,Strongly Agree,Somewhat agree,Somewhat disagree,Somewhat agree,Somewhat disagree,"Caucasian ",,Female,,2022,,"Oak Yard (Canaday, Thayer)",,,,,"Studies of Women, Gender, and Sexuality",,,,
2018-11-29 13:40:01,2018-11-29 13:42:41,IP Address,100,160,True,2018-11-29 13:42:41,R_2QYW6qLl1YoIKYQ,email,EN,I consent to taking part in this survey.,"Service,Social,Arts & Music,On-Campus Job (House Grill, Lamont Library, etc.),Club Sports Team,IM Sports",2,,3,5,"1 ",5,,,,3,"1 ",1,,,,,,,8,"1 ",5,,,,,,,,,,8,"1 ",6,2,"1 ",3,YouTube or YouTube TV,,10,Between half the time and the full time spent in class,Usually by myself,Somewhat agree,Somewhat agree,Somewhat disagree,Strongly disagree,Strongly Agree,Somewhat agree,Asian,,Male,,2020,,,,"River East (Dunster, Leverett, Mather)",,2,Mathematics,,,,
2018-11-29 14:11:05,2018-11-29 14:14:11,IP Address,100,186,True,2018-11-29 14:14:11,R_3jZFlwozfdNTgH8,email,EN,I consent to taking part in this survey.,"Pre-Professional,Politics,Tutoring/CA/TF,Varsity Sports Team",,,,,,,4,2,7,,,,3,"1 ",6,,,,,,,,,,2,"1 ",2,14,"1 ",9,,,,,,,"Netflix,YouTube or YouTube TV",,3,Less than half the time spent in class,Usually by myself,Strongly Agree,Strongly Agree,Strongly disagree,Strongly disagree,Strongly disagree,Somewhat disagree,Asian,,Female,,2021,,,,"River Central (Adams, Lowell, Quincy)",,7,Economics,,,,
2018-11-29 14:17:04,2018-11-29 14:19:03,IP Address,100,118,True,2018-11-29 14:19:04,R_2tJZom5PgOmd7Q9,email,EN,I consent to taking part in this survey.,,,,,,,,,,,,,,,,,,,,,,,,,,,,,,,,,,,,,,Other,dailymotion,2,Less than half the time spent in class,Usually with others,Strongly Agree,Strongly Agree,Strongly disagree,Strongly disagree,Strongly Agree,Strongly disagree,"Caucasian ",,Nonbinary,,2021,,,,Off Campus Housing,,8,Physics,,,,
2018-11-29 14:41:18,2018-11-29 14:43:51,IP Address,100,152,True,2018-11-29 14:43:52,R_2azPtGaPs00MdKF,email,EN,I consent to taking part in this survey.,"Social,Varsity Sports Team",,,,3,"1 ",3,,,,,,,,,,,,,,,,,,,,,,20+,"1 ",10,,,,,,,"Hulu,Netflix,YouTube or YouTube TV",,10,Between half the time and the full time spent in class,Usually by myself,Somewhat agree,Somewhat agree,Somewhat agree,Neutral,Neutral,Strongly Agree,"Caucasian ",,Female,,2022,,"Ivy Yard (Apley Court, Hollis, Holworthy, Lionel, Massachusetts Hall, Mower, Stoughton, Straus)",,,,,Government,,,,
2018-11-29 17:31:25,2018-11-29 17:39:26,IP Address,100,481,True,2018-11-29 17:39:27,R_1IGcrpaw0i19hqm,email,EN,I consent to taking part in this survey.,"Service,Social,Arts & Music,On-Campus Job (House Grill, Lamont Library, etc.),PAF,Club Sports Team",2,"1 ",2,6,2,8,,,,6,"1 ",9,,,,,,,6,"1 ",9,3,"1 ",9,,,,,,,"1 ","1 ",1,,,,"Hulu,Netflix",,3,Less than half the time spent in class,About equally by myself and with others,Strongly Agree,Somewhat agree,Strongly disagree,Strongly disagree,Strongly Agree,Neutral,"Asian,Caucasian ",,Female,,2021,,,,"River West (Eliot, Kirkland, Winthrop)",,7,Psychology,,,,
2018-11-29 19:59:05,2018-11-29 20:02:01,IP Address,100,176,True,2018-11-29 20:02:01,R_1S2xa4nzuirfUTT,email,EN,I consent to taking part in this survey.,"Social,Tutoring/CA/TF",,,,"1 ","1 ",4,,,,,,,,,,,,,,,,,,,2,"1 ",4,,,,,,,,,,YouTube or YouTube TV,,5,Less than half the time spent in class,Sometimes by myself,Strongly disagree,Strongly Agree,Strongly disagree,Strongly disagree,Strongly Agree,Strongly disagree,Asian,,Female,,2019,,,,"The Quad (Cabot, Currier, Pfoho)",,7,Computer Science,,,,
2018-11-24 19:20:09,2018-11-24 19:20:29,IP Address,4,20,False,2018-12-01 19:20:36,R_1DHzanx7OpXk0ik,email,EN,I consent to taking part in this survey.,"Service,Pre-Professional,IM Sports",,,,,,,,,,,,,,,,,,,,,,,,,,,,,,,,,,,,,,,,,,,,,,,,,,,,,,,,,,,,,,,
2018-11-24 19:27:57,2018-11-24 19:28:22,IP Address,4,24,False,2018-12-01 19:28:26,R_3QEowKjDJB5RsyK,email,EN,I consent to taking part in this survey.,"Service,Arts & Music,On-Campus Job (House Grill, Lamont Library, etc.),Tutoring/CA/TF,Club Sports Team",,,,,,,,,,,,,,,,,,,,,,,,,,,,,,,,,,,,,,,,,,,,,,,,,,,,,,,,,,,,,,,
2018-11-24 20:37:51,2018-11-24 20:38:31,IP Address,4,39,False,2018-12-01 20:38:31,R_2Xdl8WryAqHMRiD,email,EN,I consent to taking part in this survey.,"Service,Varsity Sports Team",,,,,,,,,,,,,,,,,,,,,,,,,,,,,,,,,,,,,,,,,,,,,,,,,,,,,,,,,,,,,,,
2018-11-24 21:28:43,2018-11-24 21:29:28,IP Address,4,44,False,2018-12-01 21:29:35,R_22t4UBcT6yeOw0q,email,EN,I consent to taking part in this survey.,"Service,Social,Arts & Music,Research,On-Campus Job (House Grill, Lamont Library, etc.)",,,,,,,,,,,,,,,,,,,,,,,,,,,,,,,,,,,,,,,,,,,,,,,,,,,,,,,,,,,,,,,
2018-11-24 21:55:08,2018-11-24 21:57:13,IP Address,70,125,False,2018-12-01 21:57:21,R_2WvxjvXeZrkrd5G,email,EN,I consent to taking part in this survey.,"Politics,Varsity Sports Team",,,,,,,,,,,,,2,"1 ",3,,,,,,,,,,,,,20+,"1 ",10,,,,,,,,,,,,,,,,,,,,,,,,,,,,,,,,,
2018-11-24 18:48:41,2018-11-24 22:13:10,IP Address,4,12269,False,2018-12-01 22:13:13,R_33mtB0bWn4RTta3,email,EN,I consent to taking part in this survey.,"Service,On-Campus Job (House Grill, Lamont Library, etc.),IM Sports",,,,,,,,,,,,,,,,,,,,,,,,,,,,,,,,,,,,,,,,,,,,,,,,,,,,,,,,,,,,,,,
2018-11-25 00:24:22,2018-11-25 00:24:31,IP Address,2,9,False,2018-12-02 00:24:35,R_2AKzH5D3FjaiB9C,email,EN,I consent to taking part in this survey.,,,,,,,,,,,,,,,,,,,,,,,,,,,,,,,,,,,,,,,,,,,,,,,,,,,,,,,,,,,,,,,,
2018-11-24 19:04:34,2018-11-25 10:34:06,IP Address,4,55772,False,2018-12-02 10:34:24,R_3e8JT7xna07z8I6,email,EN,I consent to taking part in this survey.,"Pre-Professional,Politics",,,,,,,,,,,,,,,,,,,,,,,,,,,,,,,,,,,,,,,,,,,,,,,,,,,,,,,,,,,,,,,
2018-11-25 13:41:47,2018-11-25 13:43:03,IP Address,4,75,False,2018-12-02 13:43:36,R_3p2WDfZmbSp07RV,email,EN,I consent to taking part in this survey.,"Service,Pre-Professional,Arts & Music,Politics",,,,,,,,,,,,,,,,,,,,,,,,,,,,,,,,,,,,,,,,,,,,,,,,,,,,,,,,,,,,,,,
2018-11-26 15:18:16,2018-11-26 15:19:24,IP Address,4,68,False,2018-12-03 15:34:42,R_1GB10WFptIcyMR3,email,EN,I consent to taking part in this survey.,"On-Campus Job (House Grill, Lamont Library, etc.),Varsity Sports Team",,,,,,,,,,,,,,,,,,,,,,,,,,,,,,,,,,,,,,,,,,,,,,,,,,,,,,,,,,,,,,,
